Feature_Name,Coefficient,Abs_Coefficient
density,-1.2087612904100722,1.2087612904100722
fixed_acidity,0.8943571002816,0.8943571002816
pH,0.5175718634156881,0.5175718634156881
residual_sugar,0.4592481653638548,0.4592481653638548
sulphates,0.21762668804148289,0.21762668804148289
total_sulfur_dioxide,-0.10628774582661411,0.10628774582661411
citric_acid,0.0957731984203688,0.0957731984203688
