Mean Value,Lower Bound CI,Upper Bound CI
0.6315812265409788,0.5010254879376685,0.7621369651442891
