Feature_Name,Coefficient,Abs_Coefficient
alcohol,0.3052517813454582,0.3052517813454582
sulphates,0.1894335082169885,0.1894335082169885
volatile_acidity,-0.17312807147280326,0.17312807147280326
pH,-0.11001038974848858,0.11001038974848858
chlorides,-0.08520188749072836,0.08520188749072836
total_sulfur_dioxide,-0.06442263103985686,0.06442263103985686
citric_acid,-0.06279411958433478,0.06279411958433478
