Mean Value,Lower Bound CI,Upper Bound CI
0.2745380372884046,0.14533479692374032,0.4037412776530689
